{"cameraMode":{"drawMode":0,"name":"Shaded","section":"Shading Mode"},"sceneLighting":true,"audioPlay":false,"sceneViewState":{"showFog":true,"showMaterialUpdate":true,"showSkybox":true,"showFlares":true,"showImageEffects":true,"showParticleSystems":true},"in2DMode":false,"pivot":{"x":443.16851806640627,"y":180.92881774902345,"z":-653.5013427734375},"rotation":{"x":0.007490295916795731,"y":-0.0012025685282424093,"z":-0.000008848395737004466,"w":-0.9999720454216003},"size":9.083351135253907,"orthographic":false}